编号,PDF文件名,GitHub下载链接,二维码文件路径
1,1.pdf,https://raw.githubusercontent.com/twenshuai/pdf-library/main/pdf/reviews/1.pdf,qrcode/reviews/1.png
2,2.pdf,https://raw.githubusercontent.com/twenshuai/pdf-library/main/pdf/reviews/2.pdf,qrcode/reviews/2.png
3,3.pdf,https://raw.githubusercontent.com/twenshuai/pdf-library/main/pdf/reviews/3.pdf,qrcode/reviews/3.png
4,4.pdf,https://raw.githubusercontent.com/twenshuai/pdf-library/main/pdf/reviews/4.pdf,qrcode/reviews/4.png
5,5.pdf,https://raw.githubusercontent.com/twenshuai/pdf-library/main/pdf/reviews/5.pdf,qrcode/reviews/5.png
6,6.pdf,https://raw.githubusercontent.com/twenshuai/pdf-library/main/pdf/reviews/6.pdf,qrcode/reviews/6.png
7,7.pdf,https://raw.githubusercontent.com/twenshuai/pdf-library/main/pdf/reviews/7.pdf,qrcode/reviews/7.png
8,8.pdf,https://raw.githubusercontent.com/twenshuai/pdf-library/main/pdf/reviews/8.pdf,qrcode/reviews/8.png
9,9.pdf,https://raw.githubusercontent.com/twenshuai/pdf-library/main/pdf/reviews/9.pdf,qrcode/reviews/9.png
10,10.pdf,https://raw.githubusercontent.com/twenshuai/pdf-library/main/pdf/reviews/10.pdf,qrcode/reviews/10.png
11,11.pdf,https://raw.githubusercontent.com/twenshuai/pdf-library/main/pdf/reviews/11.pdf,qrcode/reviews/11.png
12,12.pdf,https://raw.githubusercontent.com/twenshuai/pdf-library/main/pdf/reviews/12.pdf,qrcode/reviews/12.png
13,13.pdf,https://raw.githubusercontent.com/twenshuai/pdf-library/main/pdf/reviews/13.pdf,qrcode/reviews/13.png
14,14.pdf,https://raw.githubusercontent.com/twenshuai/pdf-library/main/pdf/reviews/14.pdf,qrcode/reviews/14.png
15,15.pdf,https://raw.githubusercontent.com/twenshuai/pdf-library/main/pdf/reviews/15.pdf,qrcode/reviews/15.png
16,16.pdf,https://raw.githubusercontent.com/twenshuai/pdf-library/main/pdf/reviews/16.pdf,qrcode/reviews/16.png
17,17.pdf,https://raw.githubusercontent.com/twenshuai/pdf-library/main/pdf/reviews/17.pdf,qrcode/reviews/17.png
18,18.pdf,https://raw.githubusercontent.com/twenshuai/pdf-library/main/pdf/reviews/18.pdf,qrcode/reviews/18.png
19,19.pdf,https://raw.githubusercontent.com/twenshuai/pdf-library/main/pdf/reviews/19.pdf,qrcode/reviews/19.png
20,20.pdf,https://raw.githubusercontent.com/twenshuai/pdf-library/main/pdf/reviews/20.pdf,qrcode/reviews/20.png
21,21.pdf,https://raw.githubusercontent.com/twenshuai/pdf-library/main/pdf/reviews/21.pdf,qrcode/reviews/21.png
